employee_id,employee_name,email,phone_no,hire_date,job_id,salary,no_of_projects,manager_id,department_id,working_hours
501,Rama,rama@gmail.com,7575000470,16-11-2009,111,612022,20,8111,724,234
502,Ravi,ravi@gmail.com,7741071474,17-03-2004,222,558253,20,9524,536,264
503,Raj,raju@gmail.com,8283951351,16-11-2009,333,882978,20,4711,724,255
504,Rajesh,rajesh@gmail.com,9518203146,19-10-2011,444,885884,23,4235,724,250
505,Shiva,va@gmail.com,7894632886,13-08-1998,111,773391,19,6982,856,250
506,Shyam,Shyam@gmail.com,9516422736,17-03-2004,555,787911,17,8111,724,241
507,Sonu,Sonu@gmail.com,8383043402,13-08-1998,444,834174,20,8111,856,234
508,Mani,Mani@gmail.com,9473272519,16-11-2009,111,588781,23,8111,724,234
509,Monja,Monja@gmail.com,8795669599,16-11-2009,111,884186,22,6982,391,250
510,Rakesh,Rakesh@gmail.com,9466067970,19-10-2011,111,724809,21,6982,724,234
642,Ravi varma,Ravi varma@gmail.com,8169284289,17-03-2004,333,522166,17,4711,536,234
643,Sudheer,Sudheer@gmail.com,8628624818,19-10-2011,333,636289,22,6982,724,255
644,Ramesh,Ramesh@gmail.com,8388600348,20-06-2000,444,820084,23,6982,925,250
645,Monu,Monu@gmail.com,8794403891,19-10-2011,333,879993,17,6982,391,255
646,Jagadeesh,Jagadeesh@gmail.com,7588132382,13-08-1998,222,831022,17,9524,724,264
721,Yagnesh,Yagnesh@gmail.com,7465296596,20-06-2000,111,619695,17,9524,925,234
722,Manoj,Manoj@gmail.com,8101702784,16-11-2009,222,644820,23,8111,925,241
723,Anji,Anji@gmail.com,9304363616,17-03-2004,111,536733,21,4235,391,241
724,Antony,Antony@gmail.com,7867343945,13-08-1998,444,557389,22,9524,391,264
725,Michale,Michale@gmail.com,8254801605,20-06-2000,222,781906,18,9524,925,250
726,Manivarma,Manivarma@gmail.com,8815038213,17-03-2004,111,717435,20,6982,724,250
727,Prabhas,Prabhas@gmail.com,7878617680,17-03-2004,333,719241,22,8111,391,255
728,Ntr,Ntr@gmail.com,8742644664,13-08-1998,444,874418,21,4711,856,255
729,Anup,Anup@gmail.com,7536662723,13-08-1998,222,663221,21,4235,724,255
730,Rubens,Rubens@gmail.com,7597858949,20-06-2000,333,916416,23,8111,925,234
801,Sasi,Sasi@gmail.com,7381739473,17-03-2004,555,930116,18,8111,724,241
803,Varma,Varma@gmail.com,7859460829,17-03-2004,444,601008,21,4711,724,250
804,Devi,Devi@gmail.com,7876355134,16-11-2009,444,762190,19,4235,391,264
805,Puspa,Puspa@gmail.com,9402953019,19-10-2011,444,824070,18,6982,724,234
806,Micke,Micke@gmail.com,8364995236,13-08-1998,444,678192,19,4235,856,250
807,Ronu,Ronu@gmail.com,8674447515,20-06-2000,111,607830,20,9524,391,234
808,Roja,Roja@gmail.com,9268778799,13-08-1998,111,709584,22,6982,724,250
890,Manu,Manu@gmail.com,7558770632,16-11-2009,222,883770,19,4711,724,264
946,Aravind,Aravind@gmail.com,9388025761,19-10-2011,111,753464,21,4235,536,234
945,Rupak,Rupak@gmail.com,7572841004,19-10-2011,333,637697,23,4235,925,241
941,Jyothi,Jyothi@gmail.com,8937878697,17-03-2004,444,693739,23,6982,856,241
943,Vijaya,Vijaya@gmail.com,9398675476,19-10-2011,444,547084,22,6982,724,264
1050,Manasa,Manasa@gmail.com,7514132011,17-03-2004,444,632327,19,6982,925,234
1059,Chaitu,Chaitu@gmail.com,7505298714,17-03-2004,444,686814,20,6982,724,241
1100,Likitha,Likitha@gmail.com,8102431483,16-11-2009,333,894538,21,6982,391,255
1129,Harika,Harika@gmail.com,7778236282,16-11-2009,555,692429,22,8111,856,264
1152,Lakshmi,Lakshmi@gmail.com,7460460221,17-03-2004,333,939223,23,9524,536,234
1123,Kanth,Kanth@gmail.com,8719365386,17-03-2004,555,534915,18,4235,391,250
1153,Lenovo,Lenovo@gmail.com,7937420718,20-06-2000,555,681308,22,4711,724,250
2012,Gaystri,Gaystri@gmail.com,8985210226,16-11-2009,333,771575,22,6982,724,255
2016,Sindhu,Sindhu@gmail.com,7833123089,17-03-2004,111,625089,18,9524,724,255
2018,Jyothns,Jyothns@gmail.com,7823059363,20-06-2000,333,676495,18,4235,925,255
2019,Sindaja,Sindaja@gmail.com,8181655409,13-08-1998,222,656781,22,9524,391,250
2020,Munzir,Munzir@gmail.com,8822599212,16-11-2009,222,825247,20,6982,856,241
2021,Malaki,Malaki@gmail.com,8955584945,19-10-2011,555,548744,22,6982,724,264
